TEAM_ID,TEAM_NAME,GP,W,L,W_PCT,MIN,OPP_FGM,OPP_FGA,OPP_FG_PCT,OPP_FG3M,OPP_FG3A,OPP_FG3_PCT,OPP_FTM,OPP_FTA,OPP_FT_PCT,OPP_OREB,OPP_DREB,OPP_REB,OPP_AST,OPP_TOV,OPP_STL,OPP_BLK,OPP_BLKA,OPP_PF,OPP_PFD,OPP_PTS,PLUS_MINUS,GP_RANK,W_RANK,L_RANK,W_PCT_RANK,MIN_RANK,OPP_FGM_RANK,OPP_FGA_RANK,OPP_FG_PCT_RANK,OPP_FG3M_RANK,OPP_FG3A_RANK,OPP_FG3_PCT_RANK,OPP_FTM_RANK,OPP_FTA_RANK,OPP_FT_PCT_RANK,OPP_OREB_RANK,OPP_DREB_RANK,OPP_REB_RANK,OPP_AST_RANK,OPP_TOV_RANK,OPP_STL_RANK,OPP_BLK_RANK,OPP_BLKA_RANK,OPP_PF_RANK,OPP_PFD_RANK,OPP_PTS_RANK,PLUS_MINUS_RANK
1610612737,Atlanta Hawks,15,7,8,0.467,22.5,19.6,42.4,0.462,7.9,19.8,0.399,8.7,11.1,0.781,5.5,15.5,21.0,12.3,7.9,4.3,2.7,2.8,9.9,9.1,55.7,1.4,8,16,17,16,20,8,13,14,23,19,30,12,12,16,16,10,10,10,14,18,17,13,15,22,14,20
1610612738,Boston Celtics,15,12,3,0.8,33.1,28.8,61.3,0.47,8.1,23.7,0.343,9.9,12.9,0.764,7.0,22.1,29.1,17.4,9.5,4.9,2.9,3.3,13.6,11.3,75.6,-6.8,8,2,2,2,4,28,27,18,24,26,7,21,21,9,25,27,27,28,3,25,20,4,27,11,26,3
1610612751,Brooklyn Nets,15,6,9,0.4,21.4,18.2,37.3,0.489,5.6,15.2,0.367,9.0,11.3,0.796,4.3,14.8,19.1,12.0,6.2,3.3,2.5,1.7,8.1,10.0,51.1,2.4,8,19,19,20,26,5,4,28,6,4,18,16,13,22,3,8,6,7,25,5,13,28,4,17,5,22
1610612766,Charlotte Hornets,14,5,9,0.357,19.5,16.9,34.8,0.484,5.4,14.8,0.365,7.6,9.9,0.77,3.6,13.2,16.8,11.0,5.2,3.3,2.2,2.0,8.0,8.9,46.7,2.9,21,25,19,25,28,3,3,25,3,3,16,7,8,13,2,3,3,4,30,3,8,24,3,23,3,24
1610612741,Chicago Bulls,16,6,10,0.375,25.9,25.2,51.5,0.489,7.2,20.9,0.345,9.1,11.8,0.768,5.5,19.6,25.1,16.2,6.4,4.6,2.9,2.3,9.4,9.5,66.7,3.4,2,19,25,24,13,25,24,29,19,21,8,17,17,12,17,25,22,24,22,24,22,21,11,19,25,25
1610612739,Cleveland Cavaliers,17,16,1,0.941,27.8,23.6,51.1,0.461,8.3,21.4,0.386,9.1,11.4,0.799,5.9,17.8,23.7,14.8,9.1,4.1,2.6,3.0,10.5,10.3,64.5,-7.4,1,1,1,1,8,23,22,13,25,22,29,18,15,23,20,18,19,22,6,17,16,8,18,15,23,2
1610612742,Dallas Mavericks,15,8,7,0.533,28.2,23.0,51.3,0.448,7.3,21.5,0.341,10.8,14.7,0.738,7.2,18.9,26.1,15.2,8.4,4.4,2.4,2.9,10.9,12.4,64.1,-3.9,8,10,12,13,6,21,23,7,21,23,5,24,26,2,28,23,25,23,12,19,12,9,21,5,20,7
1610612743,Denver Nuggets,13,8,5,0.615,27.1,24.1,52.4,0.46,7.3,21.6,0.34,8.7,11.4,0.761,6.9,18.3,25.2,16.3,8.4,4.5,3.8,2.8,11.9,10.8,64.2,0.0,27,10,6,7,10,24,25,11,22,24,3,11,14,7,24,21,23,25,11,21,28,14,25,13,22,14
1610612765,Detroit Pistons,16,7,9,0.438,25.9,21.5,47.7,0.451,7.3,19.5,0.373,9.0,11.6,0.774,5.4,17.3,22.7,13.2,6.9,5.1,2.6,3.1,9.3,10.8,59.3,0.5,2,16,19,19,12,17,18,8,20,17,23,15,16,14,15,15,15,18,18,27,15,6,10,12,16,17
1610612744,Golden State Warriors,13,10,3,0.769,24.7,19.8,45.8,0.433,5.8,19.0,0.307,10.0,13.0,0.767,6.2,16.9,23.1,12.5,8.5,3.5,2.8,2.8,9.6,11.6,55.5,-4.8,27,5,2,3,16,14,16,3,7,15,1,22,22,11,22,13,16,15,10,8,18,12,13,9,13,5
1610612745,Houston Rockets,16,11,5,0.688,27.8,21.9,50.5,0.432,6.6,19.5,0.338,10.5,13.9,0.756,6.1,19.5,25.6,12.4,9.1,4.0,3.8,3.1,11.5,12.0,60.8,-5.0,2,4,6,6,7,18,21,2,13,17,2,23,24,6,21,24,24,13,7,15,27,7,24,6,19,4
1610612754,Indiana Pacers,15,6,9,0.4,26.6,23.3,49.6,0.47,7.1,20.4,0.348,11.2,14.2,0.788,6.8,17.9,24.7,13.1,7.6,3.9,2.4,2.6,10.5,11.7,64.9,2.1,8,19,19,20,11,22,19,17,18,20,11,26,25,18,23,20,21,17,15,13,9,17,19,8,24,21
1610612746,LA Clippers,15,8,7,0.533,34.6,28.1,61.8,0.454,9.5,27.3,0.348,11.6,15.3,0.762,7.0,23.4,30.5,17.1,10.5,7.3,3.7,3.5,14.4,13.7,77.3,-0.9,8,10,12,13,3,27,28,9,28,28,10,27,27,8,27,29,29,26,2,30,26,2,29,3,27,12
1610612747,Los Angeles Lakers,14,10,4,0.714,21.8,19.7,40.7,0.484,5.9,16.4,0.359,7.6,9.3,0.811,4.9,14.7,19.6,12.9,6.3,3.1,2.0,2.0,10.0,7.3,52.9,0.0,21,5,4,5,23,10,9,26,9,7,15,6,5,27,7,7,7,16,24,2,5,25,16,28,9,15
1610612763,Memphis Grizzlies,16,9,7,0.563,17.5,14.8,33.6,0.441,5.2,14.7,0.355,7.0,9.4,0.742,4.6,11.9,16.5,9.2,5.9,3.5,1.8,2.8,8.3,8.1,41.8,-1.5,2,7,12,12,29,2,2,5,2,2,14,5,6,3,5,2,2,2,28,7,1,11,6,25,2,11
1610612748,Miami Heat,13,6,7,0.462,22.2,19.0,40.2,0.472,6.5,17.5,0.368,6.9,8.5,0.815,5.1,16.1,21.2,12.3,7.4,3.4,2.4,1.7,8.8,7.8,51.3,0.3,27,19,12,18,21,7,6,19,11,11,19,4,4,28,9,11,11,12,17,6,11,29,8,26,6,16
1610612749,Milwaukee Bucks,15,6,9,0.4,23.8,19.7,44.2,0.446,7.1,19.0,0.372,7.9,9.7,0.822,5.1,17.1,22.3,12.2,6.6,3.3,1.8,2.7,9.1,9.2,54.4,-0.4,8,19,19,20,18,9,15,6,17,16,22,9,7,29,10,14,13,8,20,4,2,16,9,20,12,13
1610612750,Minnesota Timberwolves,14,8,6,0.571,23.3,19.8,42.2,0.469,5.4,15.9,0.341,8.2,10.1,0.808,5.2,15.1,20.3,11.2,7.4,4.6,2.4,2.2,9.5,9.2,53.2,-1.9,21,10,8,10,19,11,12,16,5,6,6,10,9,25,12,9,9,5,16,23,10,23,12,21,10,9
1610612740,New Orleans Pelicans,16,4,12,0.25,21.8,19.8,40.4,0.491,6.3,16.6,0.381,6.5,8.2,0.789,5.3,14.4,19.8,12.3,6.5,3.8,2.9,2.3,8.1,7.7,52.4,5.3,2,26,28,26,24,13,7,30,10,8,28,3,2,19,13,6,8,11,21,10,21,21,5,27,8,29
1610612752,New York Knicks,14,8,6,0.571,36.7,31.0,65.5,0.473,11.0,29.7,0.37,12.4,16.0,0.775,7.0,23.3,30.3,19.9,9.3,5.0,3.5,2.8,14.1,13.3,85.3,-4.8,21,10,8,10,2,30,29,21,30,29,20,28,28,15,26,28,28,29,4,26,25,10,28,4,29,6
1610612760,Oklahoma City Thunder,16,12,4,0.75,40.2,30.2,71.4,0.423,10.9,31.0,0.351,16.0,21.8,0.737,11.3,30.4,41.7,20.7,16.7,5.7,3.9,5.9,15.1,18.0,87.3,-9.3,2,2,4,4,1,29,30,1,29,30,13,30,30,1,30,30,30,30,1,28,29,1,30,1,30,1
1610612753,Orlando Magic,15,9,6,0.6,24.4,18.4,41.9,0.44,5.9,16.8,0.351,9.0,12.0,0.748,4.4,17.3,21.7,11.9,8.1,3.8,2.1,3.3,11.3,10.5,51.7,-2.0,8,7,8,8,17,6,10,4,8,9,12,14,19,4,4,16,12,6,13,11,7,4,23,14,7,8
1610612755,Philadelphia 76ers,14,2,12,0.143,25.8,21.2,43.8,0.484,6.8,18.6,0.367,11.0,13.3,0.83,5.2,18.7,23.9,13.8,9.2,4.0,3.0,1.9,11.0,11.8,60.2,4.2,21,29,28,30,14,16,14,24,15,14,17,25,23,30,11,22,20,20,5,16,23,26,22,7,18,27
1610612756,Phoenix Suns,15,9,6,0.6,25.5,21.9,46.2,0.473,6.9,18.5,0.373,8.9,11.1,0.8,5.4,17.9,23.3,13.7,6.8,3.9,2.5,2.6,10.5,9.7,59.5,1.3,8,7,8,8,15,19,17,20,16,13,25,13,11,24,14,19,17,19,19,13,14,17,17,18,17,19
1610612757,Portland Trail Blazers,15,6,9,0.4,14.5,12.5,26.1,0.48,4.4,11.8,0.371,5.2,6.4,0.81,3.4,10.3,13.7,8.3,5.4,3.0,1.9,1.7,6.2,5.7,34.6,2.9,8,19,19,20,30,1,1,23,1,1,21,1,1,26,1,1,1,1,29,1,3,30,1,30,1,23
1610612758,Sacramento Kings,15,8,7,0.533,27.6,22.9,50.1,0.458,8.5,22.5,0.377,9.8,12.4,0.789,5.8,17.7,23.6,14.6,8.6,4.5,2.0,2.6,10.7,11.5,64.1,-1.7,8,10,12,13,9,20,20,10,27,25,27,20,20,20,18,17,18,21,9,20,4,20,20,10,21,10
1610612759,San Antonio Spurs,15,7,8,0.467,20.4,17.5,38.0,0.461,5.4,15.6,0.348,6.4,8.3,0.767,4.8,13.4,18.2,10.0,6.1,3.9,2.0,2.6,7.8,7.1,46.8,0.6,8,16,17,16,27,4,5,12,4,5,9,2,3,10,6,4,4,3,27,12,6,17,2,29,4,18
1610612761,Toronto Raptors,15,3,12,0.2,31.6,27.2,58.4,0.466,8.3,24.4,0.34,14.7,18.7,0.786,7.7,19.9,27.6,17.1,8.6,6.1,4.3,3.4,12.8,15.2,77.3,3.8,8,27,28,28,5,26,26,15,26,27,4,29,29,17,29,26,26,27,8,29,30,3,26,2,28,26
1610612762,Utah Jazz,14,3,11,0.214,21.8,19.8,40.6,0.488,6.7,17.8,0.376,7.8,10.3,0.755,5.0,13.9,18.9,12.5,6.1,4.5,3.0,1.8,9.8,8.5,54.0,4.7,21,27,26,27,22,12,8,27,14,12,26,8,10,5,8,5,5,14,26,22,24,27,14,24,11,28
1610612764,Washington Wizards,13,2,11,0.154,21.7,20.1,42.1,0.478,6.5,17.5,0.373,9.4,11.9,0.793,5.9,16.8,22.6,12.2,6.4,3.7,2.8,2.8,8.5,10.0,56.2,7.2,27,29,26,29,25,15,11,22,12,10,24,19,18,21,19,12,14,9,23,9,19,14,7,16,15,30
